"","V1","V2","V3","V4","V5","V6","V7","V8","V9","V10","V11","V12","V13"
"L_Dis_all",9.52202037765086,10.9044046972989,9.39290196762521,10.4615889758747,8.99179017644348,15.713271006529,8.7711272075143,1.51946579359533,10.0888871567508,9.79878778033867,10.0888871567509,10.2483986768588,8.99032114462114
"L_Mapping_90_percentile",8.91010666123388,8.91010666123386,3.53610427124805,8.54387457598746,6.36206365232826,14.8867088119174,4.74318731670616,1.58845990000437,8.88825165667832,8.45507259904034,4.54955860555469,6.91384986021375,7.33119416680856
"L_Ins_sd",0.0981782171319441,0.289174105087464,0.635062217564115,0.0999407131060747,0.0404945625187536,0.635062217564112,0.436471631528754,0.970514852135741,-0.1018119445876,0.225463924786423,0.266952472750464,0.583635443277839,0.329675353574894
"L_Diff_90_percentile",0.0205498526285112,0.337349971103702,0.390609495745465,0.0930793410142519,-0.0171036380443303,1.77064545632711,0.788479796993426,0.337349971100191,-0.128975723706074,0.34910841732304,-0.13938835673544,0.71208187340517,0.35610250725706
"LM_Mapping_q_sd",50.9210688990271,15.5765808511036,32.7950601791409,12.3971883975232,6.6205086284401,102.488293173215,4.72131644725585,102.488293173217,22.0435876758519,4.7081617601921,4.78723534907093,10.4773493433227,9.92692676258473
"LM_Mapping_10_percentile",130.907293324251,94.0076768364342,197.918856433053,156.680001151806,617.755171313053,2172.9600398238,70.3163994102054,7.99999524370843,197.918856433053,1031.05814477279,60.4687847541889,253.55619627683,102.72566583383
"LM_Soft_90_percentile",17.1145301719216,12.4679584340941,48.262314709472,13.6845274562714,7.44482375977505,20.0743512352089,8.18534989222486,7.58997326888437,15.6455371907851,3.43221155802637,20.0743512352089,13.0035450186756,8.84002669595308
"LM_Del_sd",0.812271086108183,0.823010355927736,0.392479317550464,0.256308433562129,0.144122626022237,6.42001963119924,0.348954269395662,0.662282450842934,0.157028730985185,1.0974693665082,0.145185007939239,0.659824954433524,0.392479317550462
"LM_Diff_sd",0.899733198264795,0.923714330696775,1.07909389853627,0.350190327707991,0.176250195715061,6.5780183910887,0.530878178367624,1.45729789689419,0.142192819887242,1.14668380661731,0.486753905213291,0.923714330696778,0.499325318738493
"M_Cov_sd",4.16385133434992,2.75767080094754,2.75767080094756,6.39510735653716,1.80345081261598,2.74594970426011,0.999991049045299,7.36853556390592,2.20920397824978,7.04374855811709,1.6569211498625,12.3548006872656,1.67277716727071
"M_Mapping_q_sd",28.2391235763351,16.4341771836955,16.4341771836956,13.1942396213111,6.6333743881539,25.2268904477791,4.65210941971132,152.146698438497,14.9682011072902,5.13601575798884,4.45890533351083,9.37758962412862,6.36571462874101
"M_Soft_10_percentile",-0.0153368751828497,0.418932430519104,0.0119450594148846,0.0123511083437683,-0.190645079142573,0.103790336526927,0.422419667956385,-0.0374205031582299,-0.0374205031582296,-0.0183779656988956,0.14038713793248,0.407069012694968,0.188612874123417
"M_Sine_Line_Ltr_SV",0.098919830124097,0.110771618350991,0.128200580389509,-0.126690535893287,0.294229396669903,0.313625988578211,-0.276433985140928,-0.652544622302855,0.552931072456179,-0.205060683021374,0.128200580386849,-0.100674399042074,0.128195900104771
"RM_Insert_sd",3688408.09281087,15778463.7497112,3656628.11856162,2200596.72177465,364761.32903413,103372.32333094,103372.323330939,1306522.9489146,580504.121052985,2086928.44145363,1288785874.27734,916581.219590561,1544261.24370351
"RM_Insert_10_percentile",1857.22274800553,3650.44060095221,18528.6771580505,3768.13306121577,3768.13306121579,57166.7001103697,2464.55596137568,689.39088263432,10016.3495268768,7204.66017838062,271.988198239402,10233.8742617458,310.389297022132
"RM_Dis_unmap_ratio",0.0392924624064036,-0.0149700174308092,-0.000848253487867872,0.0284813387406156,-0.000980473843353023,-0.0218211880284205,0.00943443824709991,-0.00764397050959059,-0.00764397050959055,-0.00257092790400598,0.00733769342225486,0.0035607957015996,-0.0041658747662417
"RM_Del_10_percentile",-0.000313317686727384,-0.017375098589763,0.142856782672223,-0.00926984084313848,0.0358262414918776,-0.00862259467278263,-0.00926984084313857,0.016587457611601,-0.0128081655873065,-0.0102405617115803,-0.00836928145927009,2.3022445401969e-05,-0.00690700226908065
"R_Insert_10_percentile",114.061457498273,135.66312977825,114.061457498273,177.793415511581,45.6867896163264,353.312709141853,965.544756512716,20.5336853596216,236.172599872,193.227656736594,92.2917193090395,144.818904945043,98.3917537149241
"R_Dis_unmap_ratio",0.00899479681465268,-0.00480455272402788,-0.000542780679289774,0.0166885397184779,-0.00119813528961205,-0.00428242383810333,-0.00211782316584006,0.0487709753647989,-0.000203856432837074,-0.00537559831829441,-0.00119813528961211,-0.00181957377706379,-0.00166714614432329
"R_Mapping_10_percentile",97.7581026525324,109.924128938432,44.0003614336862,104.339884537627,61.3578583148919,129.840072206322,74.6407094529534,1.75243445124545,136.257180385224,129.840072206322,106.097132574531,88.5324350580678,85.9121900876548
"R_Soft_pro",0.0908989038956493,0.0140369599390849,0.18234591393137,0.0657494530731399,0.00961800688579975,0.163039441934984,0.0890868116173305,0.235169406223586,0.0715313430750411,0.0206331727804842,0.0340189350321177,0.0599823952900835,0.0340189350321178
"R_Del_90_percentile",0.126151430013133,0.138023991783694,0.558464913187672,0.272972040813341,0.163725439878955,2.09976098775409,0.404865130347068,3.58637790122237,0.0151270494858967,0.136171288060779,-0.239402860158936,0.55846491318767,-0.191477309473248
"R_Diff_sd",0.612881377155169,0.730971905742985,1.0937866773312,0.556725670108069,0.0964129054302232,5.17338537506582,0.586088831844763,2.17397546650093,0.143973254026509,0.096412905430222,0.396271339998867,0.557791043635608,0.46781107770011
"R_Diff_10_percentile",-0.0808087405685801,-0.0389082203332605,-0.594472098910098,-0.236610932137265,-0.165763234434844,-2.22574451741432,-0.443215930335126,-3.10877243391237,-0.0321400411106297,-0.0223812905372489,0.317033486136959,-0.594472098910096,0.214497866538461
"SV_Cat",0.784656605689484,0.495733908575327,0.234843312538668,1.31759506094963,0.871190373172317,0.593963981752361,0.593963981749479,1.25296297236268,1.39630438365627,1.25296297236267,-0.134434099851801,2.09863066533949,0.903353793910157
"L_Cov",4.38178777980413,4.720090159126,4.21631343251735,4.77174228565837,4.25292375322724,7.67355746825023,4.57880898435191,0.68536501769871,4.55689467579697,4.34293839633324,4.40005746668065,4.57880898434819,4.21631343251736
"L_Insert_10_percentile",41.1624626137904,34.42067120187,43.7442599794029,49.1428185381477,41.1624626137796,114.33554968928,84.1522337967279,34.42067120187,47.8744150972663,66.9932450895697,97.3839677564107,5.36086762875303,43.9580478180649
"L_Dis_unmap_ratio",0.000832582832618676,0.00282772139453855,0.000779953918266594,0.00386329423435821,7.39374419688097e-05,0.0144764495614141,0.015156628315622,0.0151566283156219,-0.00044890372411934,-0.000675763403291128,-0.0132688184369247,0.02741483549563,0.01447644956143
"L_Dis_map_ratio",0.0412685098690957,0.0170479915805895,0.157994746541201,0.0141437360474715,0.0470923759714067,-0.00191499350588351,0.0592468251727911,0.183360636728406,0.0578134179091271,-0.0185834500387679,0.0412685098690956,0.0666298092792183,0.0592468251725891
"L_Mapping_q",8.36143138662596,7.33917639568701,2.9771251128632,9.24862178621905,5.81788838941698,12.404764478805,2.30114897615076,6.19448795073446,6.19448795071292,8.37667627555819,2.9771251128632,5.50735767445033,5.83720726824036
"L_Mapping_q_sd",13.7148851803267,7.14521943202497,13.7148851803268,5.68486020786828,5.65102700899839,44.5636416939054,4.45804571653414,65.7290243014521,7.14521943202514,6.66558554351309,3.73229519803246,5.94892319174707,4.08939805626502
"L_Mapping_10_percentile",48.4654825305022,28.3837755536924,26.8677087254132,70.182185730054,36.9017643637038,25.7013180173124,34.4086219672077,3.2514107624812,35.3245917832233,34.4086219672104,19.3852344703472,23.031548794682,28.3837755536925
"L_Del_sd",0.504038568641863,0.769298557667504,0.0889304929723043,0.194110100226141,0.175525545278894,5.55189415970213,0.365922356738651,0.769298557667508,0.504038568660304,0.826271232584806,0.448488511053657,0.599230757204358,0.336225898655005
"L_Del_90_percentile",0.703091316830821,0.446694054399052,0.00774842177253568,0.00774842177253423,0.0174739181207863,3.3155781244919,0.0461871937869055,1.30701625200836,0.0693982560140656,1.44457238141434,0.902201710603386,0.446694054381459,0.347122434942742
"L_Ins_90_percentile",0.0758550128282863,0.389496524836843,0.620958455152227,0.103629738689716,-0.0170097726256032,1.63225576779167,0.824461806948079,0.439935107568685,-0.155938259780629,0.389496524836722,-0.169167767556225,0.703884682231334,0.389496524839304
"L_Diff",-1.12922920055387,-0.674888053164947,0.214619846804931,-0.134563884012653,-0.00441362360518554,-1.4296519177495,0.118006156673662,-0.674888053164951,-0.307900209695568,-0.134563884012662,-0.30141722745439,-0.139117184465408,-0.00698092041647753
"L_Diff_sd",0.857563742420936,0.804651505276426,0.780130879538348,0.245655352282309,0.230332026981842,5.84463003769916,0.804651505276427,1.067536300089,0.256671849116185,1.028747429184,0.712114195681539,0.79988345454087,0.79988345454811
"L_Diff_10_percentile",-0.72235076705211,-0.406323281990917,0.0221081709810433,0.0221081709810446,-0.0145548458693354,-2.85817088700502,0.0484208382038031,-1.53884571332356,-0.0884973789178422,-1.38214302842737,-0.960775339014427,-0.4063232819694,-0.370831029331225
"LM_Cov_pro",-0.0152618033829621,0.234847654099801,0.391019721604964,0.160172531056583,-0.179269741656974,-0.015261803382963,0.583209551903831,0.234847654096497,-0.0582289927769968,-0.251853469520554,0.328288814343633,0.143766187934152,0.129965175050075
"LM_Insert",73280.972567898,465113.750384861,271132.190237113,140739.924188855,18710.0768551933,7413.70888263089,49557.9110181402,144366.952091948,39467.3216982158,49557.9110181687,6342765.26391589,65737.6510030302,144366.952091949
"LM_Dis_map",7.77674325660468,2.97430049819466,54.7158086993465,3.45723771941633,2.26680417696969,7.77674325718881,2.2668041769697,20.0897273850874,5.73444842445826,1.57699631769724,6.21788198723015,5.08045338600486,6.1560654377496
"LM_Dis_unmap_ratio",0.00304741000981406,-0.00393731081351204,-0.000884096368773418,-0.000884096368773454,0.00744072341308978,-0.0129869696379494,0.00113987864593327,0.00744072341307825,-0.00375666405748716,0.00243146096268522,0.0482965557372141,0.0200082244380797,0.00217325731240556
"LM_Mapping_q",10.2937553783573,9.95110747146638,10.2141212739604,10.2923820852915,9.73623191317195,24.3855408276927,6.89406616029672,1.57719385854516,10.2141212738941,10.843729949066,4.50740433399581,10.2923820852915,7.46719440763151
"LM_Ins",0.136449331549124,0.27904735852536,0.357914483446598,0.10454284500501,-0.0415440174404773,0.0963325983981137,0.151602969599652,0.649074444343663,-0.127049366723172,0.279047358525167,0.273793978031653,0.172847159843368,0.172847159843714
"LM_Ins_sd",0.175154295072694,0.261375714640643,0.618956310581701,0.152465738284641,0.0112311152955609,-0.0745132912983268,0.248167037482647,1.41992547894456,0.139724629912382,0.15246573828464,0.539447375622322,0.139724629910915,0.205893091243854
"LM_Ins_90_percentile",0.289106194121173,0.46788752011331,0.451899232772761,0.15391418630308,0.00511183744967781,0.123007303342577,0.153914186303082,2.18022243634376,-0.214266929910568,0.431398848822064,0.453344000368639,0.451899232761814,0.281054768225359
"LM_Diff_90_percentile",0.312224524330126,0.629873334518229,-0.288383213576824,0.197118244125089,-0.0334010888363373,-0.199631829903662,0.31667369346241,1.42059467203443,-0.223619182655191,0.636162282508134,0.629873334518229,0.4770045702858,0.477004570286733
"M_Cov",11.1415539760741,11.9278791733055,3.30724197293378,16.036540506416,10.5488001174333,42.9588027692606,4.24253294227289,10.548800117375,12.8522816416127,42.9588027692603,6.33619930784529,11.3076392440735,7.87190709176591
"M_Insert",2250764.258419,21138061.8434948,885946.307585433,5452409.03365654,2079519.63262798,186370.331766305,17505284.6822884,767558520.259871,5116243.57117281,21923267.8067843,17505284.6822878,4152888.44837831,5116243.57117283
"M_Insert_sd",36217776669.8748,33773007275148.2,4198741262.58635,2540869256581.63,19941827229.6064,19941827229.5982,396589747490.019,1191630758863.8,1191630758861.02,61082715670676.8,65518103354918.6,2282335451979.44,741001156636.853
"M_Insert_10_percentile",782.345162074106,1366.62116630086,1366.62116641075,1618.25036733213,1913.91058733245,3791.38504323952,1106.04297763088,49.6889603763465,3067.06118221159,2104.20430464965,181.653502180333,3791.38504323947,429.223977152914
"M_Insert_90_percentile",112.23157368873,86.4996606719692,518.431126200693,111.428317807123,127.32007925653,127.32007925653,658.372897981364,657.016560868233,143.16552531169,127.060568579541,79.6809335241738,127.060568579541,70.7809903843336
"M_Dis_unmap",4.40574405617144,4.40574405617143,-0.238449986612249,12.483660678543,4.46861397958766,-0.21785932449486,15.3572864960719,0.539077136057747,5.20885552059841,68.8435089753835,0.539077136062529,23.0794950843947,4.81093825404052
"M_Dis_map",203.31097565041,69.8445179092863,151.265893263254,601.398982110542,57.8626294481318,203.310975740087,268.1400580566,470.516093531231,634.619017381477,632.887723758151,15.269435260463,6337.50612209376,151.265893263252
"M_Dis_all",16087.0294706871,57961.0761165698,1024.31138644893,89132.2627894034,17069.6308865244,3438.72303414367,14418.7891699027,17069.6308865256,65450.2952904335,405052.323098215,3438.7230341436,181289.084339037,13273.3088774337
"M_Mapping_q",6.46879743784268,6.88754249209819,2.83815093287327,6.46879743784268,5.57718975763906,16.4500426166212,3.2899121274666,2.13575426577483,7.73624958490716,10.9275898553087,5.76357502285217,5.76357502285212,5.1738376605656
"M_Soft",5.58502023212338,3.94170211861521,10.695350255253,4.25507831164507,2.40178376325281,4.61477421967508,3.94170211855813,7.3894079912406,4.60468855614999,1.80376566112447,4.61477421967506,3.79573266851449,3.76997458025945
"M_Soft_pro",0.10734870402166,0.0899332878698443,0.237283177086201,0.0705186357554013,-0.0168576813441029,0.224721971443207,0.0547914495116442,0.0510004390477566,0.089933287869845,-0.0402924679381385,0.05340478966678,0.0899332878699174,0.0511853946099077
"M_Soft_90_percentile",7.77914471254212,4.57899586544325,13.1115131341364,6.13405038415291,3.65236728643913,5.76493766591119,5.76493766592279,13.1115131341366,6.30268963984541,2.97595347503296,6.30475042414806,5.06302192580623,4.75491644687158
"M_Ins_sd",0.37916478602215,0.535166188044627,1.02093524360602,0.237720858027027,-0.0138144737293139,-0.0708207107796226,0.367508282746974,1.02093524360102,-0.0708207107791856,0.446886360950805,0.598622020197263,0.471925575308766,0.159023523450258
"M_Ins_10_percentile",0.00607180012413479,-0.000318770618978207,-0.00140061003303516,-0.000264681273979301,-0.000254122779007074,0.060064486875489,0.000154029367963838,-0.000888202951933674,-0.000264681273982891,5.45460692015865e-05,-0.000422179629633338,-0.000888202951933668,-0.000160836967742001
"M_Ins_90_percentile",0.495477269130445,0.602325122306592,0.903326881748902,0.255314777322152,-0.182635378757872,0.246423599952251,0.246423599952249,0.903326881705777,-0.271511379292805,0.568325529772719,0.427793363028205,0.371700629827493,0.0770644996576505
"M_Homvar_SV",-0.00684167900362353,-0.00311803024121473,0.0504946880555626,0.032767405534846,-0.00728923447730287,-0.0578099476480329,0.0103614299159126,-0.00468823203465985,-0.00468823203465974,-0.0351568823455308,-0.00338771413268358,0.0103614299157105,0.00820498803920611
"M_Hetvar",33.8147431897086,92.459725582483,0.36349654242231,27.9409615862096,10.8725720310003,172.629278394379,107.414151570585,441.402806904511,37.2102835491374,172.629278395776,5.77072305244752,172.629278394379,18.5568457008906
"M_GCcontent",0.135053917310416,-0.131134677052785,0.126055163577832,-0.00798318951966963,0.0594615565987194,0.0710741075396482,0.0710741075396471,0.0246346123787142,0.0444607484661627,0.0710741075396825,0.154290146951605,-0.114248098852674,0.0359144902923235
"RM_Cov_sd",2.26230761532682,2.65623757358835,2.65226700115109,2.87090323986202,1.52441917987378,2.87090323986204,0.855713861359772,-0.521912864034809,2.26230761533034,3.58368142438558,4.15177138685027,2.783794538019,1.08210583296578
"RM_Insert",745304.565376321,2284551.16107985,1739910.8210417,428566.629025589,239517.003020265,13079.3697703734,36995.8642679073,486768.414559123,239517.003023212,486768.414559123,38472848.0907459,337077.711529788,223973.506487468
"RM_Dis_unmap",0.395438362455218,-0.697925076773016,-0.697925076778292,0.803400310431146,0.484307657001771,-0.449649920391271,0.619038193362675,0.45406152083611,-0.449649920391289,1.84998085662932,0.45154472205561,0.141005269082799,-0.0319068668057405
"RM_Mapping_pro",0.10358010389473,-0.00798844962579133,0.0911506403035842,0.0911506403066604,0.150444172331341,-0.284970730778942,0.170282254586735,0.312355726709083,0.00619723330243761,-0.116184570553948,0.228856151656878,0.0987514475693458,0.103580103892473
"RM_Mapping_90_percentile",25.7274831995053,42.9736580624814,17.151201166846,26.5765554005896,11.5251771250912,93.1511591827577,23.2270077597326,4.56861523709699,31.8871236962109,57.9575368976827,17.1512011668461,23.2270077597225,6.43248317102736
"RM_Ins",0.129548633782594,0.337614217304868,0.121995266718375,0.100699066230218,-0.104152042304808,0.149312243808565,-0.0546954732655596,0.75393471147963,-0.0724640379128974,0.228675999957189,0.337614217304868,0.0241974886637806,0.121995266828993
"RM_Ins_10_percentile",0.00786120420318574,-0.00893832106027985,-0.00893832106073022,-0.00347785870654249,0.00694570204910378,0.073662834400359,0.00513674955716266,0.173260438479471,0.00262013114585191,-0.00249076460365373,-0.0109011779360738,-0.0109011779360737,-0.00479134844447852
"RM_Diff_sd",1.09209955162527,1.14105962320119,0.576543659647493,0.444099492135282,0.0020953521765507,6.6473602768663,0.527086003573549,1.86293073125298,0.126250362329214,0.281690599468657,0.618070323412914,0.52708600357355,0.576543659657841
"R_Cov_sd",2.22691219971937,3.27486505863542,5.01710479259162,2.85935697991909,0.196830259357708,2.22691219976996,0.670568250007306,1.80676819429188,2.22691219976998,1.81222091086016,2.27175710413964,2.62353645970321,2.05235758208655
"R_Dis_map_ratio",0.041431670100814,-0.0067708067972754,-0.00677080679776012,0.0233792912800377,0.0677180984726427,-0.00829182595234437,0.0142561519244549,0.344982085846879,0.0269710751092895,-0.00829182595234439,0.000226215524352093,0.0331856406731541,0.0334498508787153
"R_Soft_90_percentile",11.3207772860469,5.97652915987014,31.1215575393782,9.02691000943166,6.48880797478543,14.7433530106055,9.20558952304706,18.3475953328101,8.27703722778139,5.64126976166001,8.27703722778138,8.14074473120627,8.14074473121071
"R_Ins_10_percentile",-0.00154372861927121,-0.00328250616979837,0.0132088857243293,-0.00106865696054297,-0.00107454836493994,-0.00335514056279365,0.0161818707363461,0.00847234768351218,-0.00127837866524203,-0.00159296121603986,0.0132088857243292,-0.00335514056279361,-0.00207560803128773
"R_Ins_90_percentile",0.290587309361953,0.448293239515765,1.03067747585639,0.597323302981374,-0.147459387029745,1.03067747585074,-0.0840424977982618,1.0306774758564,-0.116273647438938,0.0794044619361312,0.435053404099944,0.154611666773747,0.700073014894532
"R_Diff",-0.143567623592782,-0.221125335691509,-0.0367266159848555,0.150403015228199,-0.14307667975762,-2.05655227502182,-0.143076679764381,-0.343042040906306,-0.0160660415540383,0.114435935313985,0.698792859783673,-0.343042040906303,0.43454839683885
"SV_size",19408796.9687452,35998242.1342847,766458.292402719,137027281.560336,37664500.0295819,185168.353553703,75903943.6661183,19408796.9687453,290737030.270916,35998242.1342683,35998242.1342656,1434702520.03325,32201303.9597357
"L_Insert_90_percentile",71.3240748903921,70.7144696834904,303.071506778698,84.1289601604403,84.1289601605367,91.7014467953616,61.5129819049972,563.330213497605,62.6739954074049,93.782527427293,84.1289601604247,34.3138718205268,91.7014467953613
"L_Del_10_percentile",0.0396127475085504,-0.00146226186835834,-0.00443739236553018,-0.000481836194395556,-0.000913993580749348,-0.00443739236552257,-0.00443739236552219,0.0318748287911537,-0.00133716726394904,-0.000428866820951168,-0.00443739236552258,-0.00406716574932055,-0.000421575176123366
"LM_Del_10_percentile",0.000689635743880999,-0.00213501605758452,0.137625898948752,-0.00196658553624608,0.00030358989863469,-0.00375297696961704,-0.00375297696960229,0.0537806372008275,-0.0101092804197074,-0.0101092804197303,-0.00213501605761433,0.00276835354003028,-0.00209249564590452
"LM_Diff_10_percentile",-0.763037680211448,-0.801560453942892,-0.449919067379558,-0.00280353987105561,-0.416978011579312,-9.34529610189206,-0.184668522910117,-0.763037680211451,-0.416978011589546,-1.38714905453868,-0.183067053034391,-0.416978011573185,-0.511732912281641
"M_Dis_unmap_ratio",0.00380672338204882,-0.00847074457726774,0.000869803530308368,0.00086980353033117,0.00166943449192444,0.00223485832311039,0.0377926835476589,0.00086980353030844,-0.00365835232382406,0.00344647108260375,-0.00136344017251896,0.00494936018222939,0.00223485832307989
"M_Ins",0.270984153081534,0.416283774357056,0.153756067244826,0.17887679326378,-0.129729202528312,0.174601092918554,0.25494836416756,0.254948364167557,-0.112310637742828,0.254948364167785,0.267209790068715,0.192598165723046,0.254948364167694
"M_Diff",-1.77432568027483,-0.855872088351683,-0.110198683745779,-0.110198683748759,-0.070807392539007,-0.0708073925380209,0.112346959233905,-0.110198683748761,0.0626949343780845,0.832794049353253,0.947912996187907,-1.03274207138411,-0.257528792956918
"M_Simple_Low_Satellite_SV",0.0710020141666681,0.063234567382719,0.0930106675231725,0.0632345673827989,-0.0184474725636425,0.0710020141666675,0.0508635780545923,0.388964971570681,-0.0423683572695895,0.0625000736255213,0.0606998273790522,0.0710020141634704,0.0515010303502207
"RM_Mapping_10_percentile",135.248050115461,361.691368098498,361.691368146,325.48355850236,315.369604132575,5593.13403296533,73.8904324183788,10.4299644864433,629.509478695301,2194.4388849935,33.9897720040623,361.691368078336,135.2480501379
"RM_Soft_pro",0.0701866477318518,0.109716281420838,0.428380363381666,0.070186647731921,0.053209042967995,0.197743409087411,0.0449161786101204,0.0221916059137384,0.105594825692557,-0.00952666139358966,0.0392562259806909,0.197743409087412,0.0701866477319212
"RM_Diff_10_percentile",-0.498189848152206,-0.915798207736353,-0.915798207736357,-0.148063609702768,-0.0639319605376042,-10.2172596816204,-0.305965458456474,-0.531057538358852,0.087007830360457,-0.498189848182849,-0.343545556217019,-0.517141589760761,-0.498189848183557
"R_Insert_sd",109034.334757266,61070.1141716178,2925579.65352879,90958.8943614225,9013.68600893406,1630.64007475915,109034.334761202,198122.724137364,23879.6246894449,23879.6246894448,430171.098929528,109034.334760562,30920.9355963754
"R_Insert_90_percentile",118.323193593844,132.317642977296,144.682883534407,147.601014927876,23.0991963787642,118.323193593381,118.323193592908,118.323193593382,104.002994544622,83.7089736785768,672.498260985822,79.4949551285075,70.3212989429012
"R_Soft_sd",4.21023916749658,4.21023916752827,13.0325412618094,4.04526772605837,2.84840370330826,6.65084207668058,3.53454675163659,6.65084207667985,3.98693297329141,2.76402623901127,4.23827095410363,4.210239167516,2.91118320441145
"R_Ins",0.143369269816536,0.147113054747481,0.308034906307625,0.238792205889201,-0.0726771203753408,0.147113054747482,-0.0164928930596373,0.681828391470513,-0.0654263293737814,0.0665017867565867,0.143369269800668,0.0712052838509425,0.308034906307624
"L_Soft_sd",3.31268673494508,3.56332635670576,13.1440103992002,3.82592746400794,2.32484584077128,5.27885702404717,3.3630414941306,3.4651408175742,3.46514081756788,3.82592746401085,3.82592746400793,3.31268673497037,3.23773688878638
"LM_Dis_all",20.8822157945508,23.347642949223,14.7620677088378,20.882215794547,20.0612027172425,26.0416429402944,20.8822157945517,1.89720371566994,23.1233764119795,26.0416429402944,20.8822157945471,22.6543357472333,18.2140676349867
"LM_Diff",-0.227706069771586,-0.314637805117291,-0.113903343479701,0.131959641009611,-0.227706069796028,-3.98661570167096,0.121691339867895,-0.163513277315457,-0.0919587185747236,-0.761739625024351,-0.227706069794066,-0.227706069788198,-0.1139033434797
"M_Soft_sd",3.74480318168908,2.16097429235004,5.26616572938771,2.7461727239046,2.05521252804386,2.05521252804386,2.58287045183313,6.83675238645107,2.7461727239046,2.7461727239046,2.16097429235003,2.4401761592799,1.9887541024732
"M_Diff_90_percentile",0.522138783456107,0.628029934421584,0.628029934461675,0.32356458359848,-0.218066574496324,0.323564583598482,0.378446694758056,0.628029934421538,-0.279276618843985,0.628029934422316,0.412690760886709,0.452032526202328,0.0839463944182016
"RM_Cov",24.5603046788638,26.970960882164,22.4515019948784,26.9139702317066,22.929209729699,22.4515019948785,12.1029437438147,1.76721528179868,26.9139702317066,100.376489530888,26.9139702317065,26.9139702317066,11.959848896302
"RM_Dis_all",86.6935045263215,102.481104213508,44.8850761361982,94.6395309875915,45.185620172377,44.8850761367767,39.5754511113377,4.88012816761435,86.6935045260251,86.6935045260251,54.4165656297957,76.1221663845439,44.8850761368398
"RM_Dis_map_ratio",0.160638324652487,-0.172152745003857,0.160638324652488,0.0468929607615075,0.319251406643348,0.102351249489499,0.102351249489531,0.102351249489435,-0.00719589012180041,0.0119782120089612,0.159648867742299,0.100614429250527,0.159648867742297
"RM_Mapping_q_sd",21.7944093184796,9.2139725298822,4.26632193417872,23.1755704952043,4.26632193428092,6.79026298699923,0.503153495796492,107.435871618282,5.64088099290809,7.47659428011733,107.435871618282,6.79026298697183,6.79026298703269
"RM_Del",0.770682002874044,0.465179333995328,0.477511557363069,0.153093898117998,0.0154898383453788,3.20758790736488,0.389971821266765,0.465179333995334,-0.106546531193148,0.465179333996356,0.254850257451287,0.254850257444713,0.254850257451142
"R_Mapping_90_percentile",7.99273386341,8.12305642527488,4.70429510870711,7.99273386346957,4.14517650056574,11.41971705924,7.99273386348004,1.14405425089247,7.99273386346104,10.0090269115346,6.44821266857141,7.21448593135101,7.99273386348006
"R_Soft",4.08379702744663,4.08379702746701,11.07516312418,3.98371002503918,3.0533876970689,6.22636813278946,4.26953018039155,11.3192693486064,4.08379702746502,2.84679260645067,3.98371002503917,4.08379702746437,3.18483567484841
"L_Insert",1512.54500430494,2635.39497902036,19565.3015219648,1473.15112107287,1473.15112112746,1374.36444454416,393.731554383231,5825.00832525303,609.649864559024,1473.15112112731,1473.15112106895,609.649864559024,1473.15112112906
"L_Dis_map",5.35274163252551,3.14367747087176,71.7169621272801,3.5417977288995,4.31670140009232,5.35274163252548,5.35274163252553,10.8347623160899,5.35274163252553,1.78055282582,2.39431976563343,5.35274163252552,5.35274163252551
"L_Soft_10_percentile",0.0178714710720209,0.620665130434255,-0.0150522505231857,-0.0581565404421322,-0.0679074280925056,0.0151871769228969,0.0746527725477083,0.277410012106257,0.0178714710720221,0.0178714710720221,0.0151871769228995,0.0746527725477069,0.017871471072021
"L_Del",0.599605617198663,0.459075909735956,0.211629155004811,-0.102952379838744,0.599605617233273,0.599605617213871,0.214827417335762,1.22963711911205,0.144832258452137,0.599605617213726,0.454803807648023,0.599605617216589,0.211629155004804
"LM_Cov",11.0217315881437,11.8072677321826,6.39859266928721,15.7866590764626,12.5164488179042,3.13126814691254,12.5164488179062,3.13126814691473,12.5164488178857,12.1399737351629,12.1399737351653,11.8072677321826,10.3681344620305
"LM_Insert_sd",340083.213486096,11891451.4496207,13541178.0996034,2870003.89842922,340083.213486097,340083.213486097,340083.213486098,11891451.4496208,340083.2134861,136548.312068451,167435099.049642,599496.297930541,3210521.24070331
"LM_Dis_map_ratio",0.138949546058129,-0.115492264809517,0.140140411822878,0.0524600684149218,0.140140411822995,0.138949546058128,0.14014041182274,0.140140411822752,0.0356966362447225,-0.0641896065014615,0.140140411822806,0.33233562896048,0.114519406232378
"LM_Mapping_pro",0.0451527522984578,0.0958687952073169,0.171375155279705,0.0300821492703583,0.0300821492715524,-0.237930186155904,0.0300821492694325,0.030082149270057,0.0300821492704952,0.0300821492704344,0.408295654374236,0.0735890701619116,0.078616454921533
"LM_Ins_10_percentile",0.0103153649842347,-0.000863767264151095,-0.00102773614114204,-0.00205643866949154,-0.000431461142328646,0.0967110159918673,-0.00102773614107617,0.00392213294890234,0.00392213294890233,-0.00120695613958372,-0.00102773614105925,-0.00102773614108145,-0.000863767264149509
"M_Cov_pro",0.199741260285804,0.165151623062055,0.360651319147928,0.168782424143079,0.199741260283614,0.165151623062056,0.199741260278121,0.199741260279619,-0.202765161445904,0.199741260280064,0.518773181142217,0.339316502500649,0.400915260592045
"M_Del_sd",1.5912769327696,1.30558585147125,0.780702216491894,0.598445216931737,0.208731756970276,5.52458881553861,0.964308869804181,1.06968341114369,0.598445216935848,0.598445216935845,0.59844521693516,0.598445216930378,0.598445216934069
"M_Cov_Cat",0.178460205933494,-0.0832995806418181,-1.24458277046472,0.577019874250577,0.309584409137386,0.178460205908514,0.168813587037079,0.178460205913782,0.434319986149959,0.178460205908513,0.178460205909036,0.17846020590644,0.40912006841938
"RM_Cov_pro",0.149278850041566,0.209493296993859,0.352493201139983,0.170881441835404,-0.0054008309772609,0.149278850005899,0.571786406393559,0.149278850000218,-0.0578929230280199,-0.130245852771295,0.209493296988776,0.352493201139982,0.149278850004454
"RM_Dis_map",3.51456550821716,0.0960211462649307,24.7302493722569,3.51456550822295,3.99562362953191,0.0960211462649251,3.51456550823129,13.5104605332367,3.51456550822383,0.488519448682631,3.51456550822037,2.92840522012255,2.67645558305364
"RM_Mapping_q",12.2553620214347,37.2484208079381,22.0868038763718,22.0868038763719,12.2553620214348,57.4403216757763,7.9165597886279,12.2553620214347,30.9651685081411,57.440321675776,7.91655978862799,28.2444569980729,5.52278505582454
"RM_Del_sd",1.02622318837338,0.566011201960788,0.3550009850273,0.355000985027298,0.232571573972893,6.73580212172718,0.355000985027298,1.11055317341912,0.0725033335758619,0.566011201960792,0.238286099147699,0.232571573972892,0.232571573972891
"RM_Ins_sd",0.249087710661469,0.244399346425214,0.709839767366703,0.244399346425265,-0.0607997347074998,0.244399346425953,0.244399346425952,1.36879359366378,-0.0663889506432014,0.171131215728508,0.244399346424766,0.0895574611603819,0.24439934642528
"RM_Diff",-0.594408443619741,-0.262620423382318,-0.0389134698161131,-0.0239900880970476,-0.0389134698187195,-3.90510940816571,-0.298508144916442,-0.0389134698218012,-0.0389134698150714,0.232127429370738,0.467580403371578,-0.298508144916441,-0.0389134698178721
"R_Cov",4.55623015498683,4.68258803348328,3.6329176648418,6.51617909075837,1.67241892599559,13.5939354540305,3.49548068940089,4.68258803350276,4.68258803347646,4.68258803348118,2.6525085396396,3.49548068937608,3.4954806893761
"R_Mapping_q",8.9188650942068,9.13441564738595,5.27897099094763,8.91886509425376,5.27897099094766,12.5247108562603,8.91886509425832,1.0196076216199,8.91886509424465,8.91886509424016,7.49528995480144,7.84414943183558,8.24031708434095
"R_Mapping_q_sd",24.6941351708796,8.14402038760485,124.080571754156,6.0128727746594,5.54703796356599,8.14402038760468,5.54703796356633,22.5588182668908,6.12434561656939,6.12434561656952,22.5588182668908,5.54703796356594,7.68956107368886
"R_Soft_10_percentile",0.109931762809848,-0.265003526460644,-0.117222829955053,-0.0119171915252264,0.200635906826973,-0.0622971054388761,0.657945475879122,-0.0119171915252267,-0.0412785260912958,-0.0119171915252266,-0.117222829955052,0.200635906826975,-0.0119171915252275
"R_Diff_90_percentile",0.261136443279372,0.329653102886877,0.935978611529779,0.205678530155449,-0.122961277854371,0.812137124525223,0.205678530157389,1.23824145678463,0.205678530156891,0.205678530157341,0.536631457799665,0.20567853015804,0.812137124525223
"LM_Insert_90_percentile",173.911491543482,120.187570806186,187.066626503479,187.066626503506,187.066626503586,187.066626503501,956.759586185694,19.9318036144059,187.569683988068,134.695067018991,187.066626503513,187.066626503499,134.695067018991
"LM_Mapping_90_percentile",10.2984978207299,7.31843092695502,3.44302749318772,10.1640629292586,7.31843092695581,32.8747563286672,7.31843092695613,7.31843092696645,11.8157399456211,7.31843092695841,2.76129667331724,7.31843092694721,7.31843092695675
"LM_Del",0.335981045237433,0.626666751330888,0.335981045273957,0.0592027147343745,0.0256703805005967,2.95645078306626,0.335981045262657,0.388208115929522,0.335981045276364,1.01294336422107,0.335981045273954,0.335981045242234,0.335981045262722
"M_Del",0.768655000821319,0.750380318087154,0.61129628063515,0.2029703835989,-0.0585860046681319,2.71183684304087,0.230530870511396,0.750380318087156,0.202970383598571,0.202970383599494,0.202970383599859,0.202970383596069,0.20297038359917
"M_Del_90_percentile",0.837704167440772,0.837704167440774,0.900878624273032,0.0349109011471662,0.83770416744077,0.837704167440777,0.0349109011471701,5.08198399996087,-0.504653485378701,0.900878624273032,0.264967738305955,1.62601476404778,0.837704167440766
"M_Diff_10_percentile",-0.961522877394676,-0.97090391709961,-0.573152828177309,-0.15374165540491,0.021920896074269,-7.76627657372905,-0.573152828177308,-0.573152828177313,0.0654979248100276,-0.57315282817731,-0.573152828177304,-0.573152828177308,-0.573152828177309
"M_Homvar",6.14477203892769,6.14477203862356,6.14477203892881,11.4564652725741,6.33398239908654,-0.0484616291597348,6.14477203862339,153.557285308666,6.14477203886968,155.846018776944,6.14477203875111,231.610437714427,6.1447720386287
"RM_Soft_sd",22.3947293767875,11.4060591054485,11.4060591054485,20.0157324375432,11.4060591054486,11.4060591054486,2.27247249114134,11.4060591054487,17.1828922784909,11.4060591054485,22.4520047212677,11.4060591054486,1.76285807164956
"RM_Diff_90_percentile",0.494843443650487,0.615328364311096,0.629558227725484,0.286936473351667,-0.237629920839003,0.607923888494101,0.615328364311099,0.607923888494104,-0.251175066168782,0.607923888494108,0.607923888494102,-0.237629920839004,0.607923888494107
"R_Dis_all",13.1513787943577,13.2388193105217,13.2388193105305,14.4430380301403,7.5583654856545,13.2388193105271,7.95146081991127,1.81491796566956,13.2388193105285,13.2388193105267,12.8133288288783,13.2388193105263,13.2388193105267
"R_Del",0.51050290535787,0.505962850939321,0.510502905357872,0.210718289858228,0.505962850940166,0.505962850938456,0.078982407394416,0.505962850938964,0.0789824073956118,-0.0485448128151648,-0.504697850801103,1.35144176476422,0.0789824073950643
"L_Soft_90_percentile",8.48535667563656,8.48535667606034,31.3937116331941,7.88865075920731,4.71157596428056,8.63420394435453,8.63420394435451,8.48535667604743,8.48535667594772,8.48535667603217,8.48535667595561,4.46703541335433,8.48535667604387
"LM_Soft_10_percentile",0.0776688867166692,0.288181441499062,0.329945792466738,-0.0988337348781385,0.0776688867189368,0.0776688867166689,0.329945792463985,0.745122056643008,0.329945792467137,0.0776688867236814,0.0285959395817651,0.0776688867160003,0.329945792458917
"M_Diff_sd",2.03765203724144,0.931560722938634,2.03765203724145,0.64554643406749,0.645546434067492,0.645546434067492,0.645546434067492,6.11976170286223,0.26024920978551,0.645546434067492,0.260249209785509,1.59236726752534,0.931560722938633
"RM_Soft_10_percentile",0.168440679228186,0.343190177194565,0.168440679237716,-0.219992079790525,0.295072221589088,0.168440679223486,1.15894515071568,1.1312281053321,0.168440679240436,0.168440679234674,0.168440679233544,0.168440679216745,0.168440679216743
"RM_Del_90_percentile",0.522965923089325,0.813506280015421,0.687968936173827,0.117587444532289,0.522965923089326,10.6471609994301,0.522965923089329,0.522965923089333,-0.0562904436586764,0.522965923089329,0.522965923089326,0.522965923089328,0.522965923089325
"R_Del_sd",0.354682562623853,0.697074878473276,0.354682562626661,0.364426080514848,0.0677436764355266,4.99402722459318,0.354682562629379,1.58153331460952,0.354682562635327,0.354682562631669,0.354682562633363,0.354682562626657,0.354682562633572
"L_Cov_pro",0.00999802366846702,0.00999802366846683,0.00999802366846731,0.00999802366846688,0.00999802366846685,0.00999802366846668,0.0689970452526713,0.204355901792253,0.00999802366846697,0.00999802366846683,0.00352735657678448,0.00352735657678452,0.0315169660595349
"L_Mapping_pro",0.0322951825209964,0.0606101301127503,0.0322951825201468,0.032295182520722,0.0322951825206797,-0.130275638655182,0.0322951825198942,0.0322951825207033,0.0322951825205175,0.0322951825206252,0.333219378415652,0.0323065117727818,0.0322951825205619
"L_Soft",11.2654428854989,3.23819764777479,3.86527877677152,3.86527877677149,3.8652787767715,3.8652787767715,3.86527877677151,3.8652787767715,8.94901236745145,3.86527877677149,3.86527877677152,2.2428044038442,3.8652787767715
"L_Soft_pro",0.0779293641191505,0.0779293641247456,0.246518654778553,0.077929364124538,0.0072376516970366,0.17330076653479,0.0881246263369966,0.00723765169703647,0.0779293641239462,0.0779293641245794,0.088124626336986,0.0881246263375313,0.0779293641246466
"M_Mapping_90_percentile",4.04054610552948,4.04054610552948,4.04054610552947,4.84162919292122,4.04054610552948,6.99115996805724,1.87852567145903,4.04054610552949,4.04054610552947,6.99115996805722,1.59652749378427,4.04054610552948,4.04054610552949
"M_Hetvar_SV",0.0333134819068422,0.0333134819068422,0.0333134819068421,-0.00521327588863765,0.0333134819068421,0.0333134819068418,0.0333134819068424,0.0333134819068421,0.0197208415777406,-0.0341899055376174,0.0333134819068421,0.0333134819068422,-0.027091369844423
"R_Mapping_pro",0.0302879306028719,-0.0801372052715606,0.0302879305981405,0.0302879306011961,0.151849546189201,-0.107845423859225,0.336691835759491,0.0302879305990779,0.0302879306013029,0.0302879306007133,0.0302879306007327,0.0302879306008765,0.0302879306007776
"R_Ins_sd",0.370912937393237,0.370912937393234,0.37091293739324,0.847902078800533,-0.163913635684614,0.370912937393239,0.370912937393237,0.370912937393236,0.370912937393238,0.0156409905509364,0.370912937393236,0.370912937393236,0.827786339653389
"L_Cov_sd",1.30930427772285,2.01976282964641,2.01976282964642,2.09269474045993,1.30930427772285,2.01976282964642,2.01976282964641,-0.400686298878586,2.01976282964641,2.01976282964641,2.01976282964642,2.01976282964641,2.01976282964642
"L_Dis_unmap",1.00931466827514,1.00931466827513,1.00931466827516,1.00931466827513,1.00931466827513,1.00931466827513,0.880605424313033,1.00931466827513,-1.14865349609798,1.00931466827513,1.00931466827512,1.00931466827514,1.24532235449729
"LM_Del_90_percentile",1.42435598038196,1.42435598038198,1.42435598038197,-0.30227002068843,1.42435598038195,1.42435598038198,0.0657533061193691,1.42435598038198,1.42435598038197,1.42435598038197,1.42435598038196,1.42435598038196,1.0069130003332
"M_Dis_map_ratio",0.145152635228701,0.145152635235181,0.220005018512045,0.145152635235848,-0.0409084061993813,0.0490620857772085,0.145152635231671,0.145152635230422,0.145152635236823,0.145152635234588,0.220005018512043,0.145152635229964,0.145152635232287
"M_Del_10_percentile",-0.00055518639519208,-0.000555186395814581,0.0942200334856868,-0.000555186395742909,-0.000555186395765973,-0.000555186395742377,-0.00055518639577479,-0.000555186395735003,-0.00489946943848919,-0.00351354516574391,-0.000555186395784804,-0.000555186395734394,-0.000555186395833451
"RM_Soft_90_percentile",69.485384244173,29.8910185654202,610.549013653934,29.8910185654203,29.8910185654203,29.8910185654203,29.8910185654203,29.8910185654201,29.8910185654202,29.8910185654205,29.8910185654203,86.0094160860871,29.8910185654203
"RM_Ins_90_percentile",0.188796250112529,0.18879625011253,0.18879625011253,0.188796250112528,0.188796250112528,0.18879625011253,-0.0251320792979985,2.38002870955918,0.18879625011253,0.188796250112528,0.726426430561418,0.188796250112529,0.188796250112529
"R_Insert",47631.8802961795,12747.2569209643,12747.2569200833,12747.2569207651,581.926794857935,581.926794857935,12747.2569208703,12747.2569210557,12747.2569210717,12747.2569209882,12747.256920787,12747.2569207625,1660.38752078732
"R_Dis_unmap",-0.553695482276311,-0.0759824448834836,0.180587922694245,4.56198435571579,0.180587922694251,0.180587922694265,0.180587922694247,0.180587922694243,0.180587922694244,0.180587922694234,0.180587922694252,0.180587922694248,0.180587922694254
"LM_Dis_unmap",3.40689142051614,0.825387312775657,0.825387312775631,0.230861451739929,0.825387312775628,0.825387312775648,0.825387312775628,0.825387312775621,0.825387312775632,0.825387312775624,0.825387312775641,0.825387312775643,0.825387312775632
"M_Mapping_pro",0.067084620895445,0.0670846208954443,0.0670846208954458,0.0670846208954448,0.0670846208954448,0.19826100079954,0.19826100079954,0.475329352459603,0.0670846208954455,0.0670846208954449,0.0670846208954448,0.067084620895445,0.0670846208954447
"RM_Insert_90_percentile",2065.98348150518,2065.98348150518,2065.98348150517,2065.9834815052,2065.98348150519,2065.98348150513,2065.98348150516,2065.98348150508,180784.772702664,2065.98348150516,2065.9834815052,2065.98348150519,5466.53220533971
"R_Cov_pro",0.00902390154994554,0.00902390154994548,0.00492601678609031,0.00902390154994549,0.00902390154994554,0.00492601678609019,0.00902390154994558,0.224866490439796,0.00902390154994565,0.00902390154994546,0.00902390154994541,0.00902390154994555,0.00902390154994553
"L_Insert_sd",78133.7822866418,20950.1412546338,20950.1412546345,20950.1412546339,20950.141254634,20950.1412546342,20950.1412546343,20950.1412546344,20950.1412546341,20950.1412546339,20950.1412546342,20950.141254634,20950.141254634
"L_Ins",0.251606170064119,0.251606170064119,0.25160617006412,0.251606170064118,0.251606170064118,0.251606170064118,0.251606170064119,0.251606170064124,0.251606170064122,0.251606170064117,0.127626815410182,0.251606170064118,0.251606170064119
"LM_Soft_sd",2.80881519781385,2.80881519781384,6.88966832511038,2.80881519781386,2.80881519781386,2.80881519781389,2.80881519781385,2.8088151978138,2.80881519781382,2.80881519781388,2.80881519781386,2.80881519781385,2.80881519781385
"LM_Soft_pro",0.113052199097784,0.113052199097785,0.113052199097786,0.113052199097786,0.113052199097785,0.113052199097783,0.113052199097786,0.113052199097787,0.113052199097786,-0.236961652577882,0.113052199097785,0.113052199097786,0.113052199097785
"RM_Soft",11.5987396610222,11.5987396610222,150.401659227748,11.5987396610222,11.5987396610222,11.5987396610222,11.5987396610222,11.5987396610222,11.5987396610222,11.5987396610222,11.5987396610222,11.5987396610222,11.5987396610222
"R_Dis_map",11.1191711073035,11.1191711073035,11.1191711073036,5.21972614654766,11.1191711073034,11.1191711073034,11.1191711073035,11.1191711073035,11.1191711073036,11.1191711073035,11.1191711073035,11.1191711073035,11.1191711073035
"LM_Cov_sd",0.985600800381638,0.985600800381556,0.985600800381668,0.985600800381561,0.985600800381638,0.985600800380971,0.985600800381571,0.985600800381606,0.985600800381645,0.985600800381547,0.985600800381546,0.985600800381525,0.985600800381742
"LM_Insert_10_percentile",463.849114183824,463.849114183826,463.849114183813,463.849114183826,463.849114183826,463.849114183828,463.849114183819,463.849114183835,463.849114183822,463.849114183826,463.849114183825,463.849114183824,463.849114183828
"LM_Soft",10.0193072084294,10.0193072084293,10.0193072084297,10.0193072084292,10.0193072084291,10.0193072084296,10.0193072084293,10.019307208429,10.0193072084292,10.0193072084288,10.0193072084293,10.0193072084292,10.019307208429
"M_Mapping_10_percentile",89.6238316639496,89.6238316639498,89.6238316639474,89.6238316639498,89.62383166395,89.623831663947,89.6238316639497,89.623831663949,89.6238316639483,89.6238316639499,89.623831663949,89.6238316639494,89.62383166395
